{
    "type": "minecraft:entity",
    "pools": [
        {
            "rolls": 1,
            "entries": [
                {
                    "type": "item",
                    "name": "minecraft:diamond_sword",
                    "functions": [
                        {
                            "function": "set_nbt",
                            "tag": "{CustomModelData:1,Enchantments:[{id:\"minecraft:sharpness\",lvl:2}]}"
                        },
                        {
                            "function": "set_name",
                            "name": {
                                "text": "facts and logic",
                                "italic": false,
                                "color": "gold"
                            }
                        },
                        {
                            "function": "set_lore",
                            "lore": [
                                "The Mighty Ben Shapiro",
                                "hath been summoned.",
                                "",
                                "Facts don't care about your feelings."
                            ]
                        }
                    ]
                }
            ]
        }
    ]
}