{
    "type": "minecraft:entity",
    "pools": [
        {
            "rolls": 1,
            "entries": [
                {
                    "type": "item",
                    "name": "minecraft:player_head",
                    "weight": 100,
                    "quality": 0,
                    "functions": [
                        {
                            "function": "minecraft:fill_player_head",
                            "entity":"this"
                        },
                        {
                            "function": "set_lore",
                            "lore": [
                                "Throw on the ground",
                                "to get health"
                            ]
                        }
                    ]
                }
            ]
        }
    ]
}